id,title,text
d1,Doc 1 on NLP/ML topic,"This is a sample document number 1. It mentions topics like transformers, FAISS, embeddings, semantic search and other NLP concepts. Useful for testing batch processing and indexing."
d2,Doc 2 on NLP/ML topic,"This is a sample document number 2. It mentions topics like transformers, FAISS, embeddings, semantic search and other NLP concepts. Useful for testing batch processing and indexing."
d3,Doc 3 on NLP/ML topic,"This is a sample document number 3. It mentions topics like transformers, FAISS, embeddings, semantic search and other NLP concepts. Useful for testing batch processing and indexing."
d4,Doc 4 on NLP/ML topic,"This is a sample document number 4. It mentions topics like transformers, FAISS, embeddings, semantic search and other NLP concepts. Useful for testing batch processing and indexing."
d5,Doc 5 on NLP/ML topic,"This is a sample document number 5. It mentions topics like transformers, FAISS, embeddings, semantic search and other NLP concepts. Useful for testing batch processing and indexing."
d6,Doc 6 on NLP/ML topic,"This is a sample document number 6. It mentions topics like transformers, FAISS, embeddings, semantic search and other NLP concepts. Useful for testing batch processing and indexing."
d7,Doc 7 on NLP/ML topic,"This is a sample document number 7. It mentions topics like transformers, FAISS, embeddings, semantic search and other NLP concepts. Useful for testing batch processing and indexing."
d8,Doc 8 on NLP/ML topic,"This is a sample document number 8. It mentions topics like transformers, FAISS, embeddings, semantic search and other NLP concepts. Useful for testing batch processing and indexing."
d9,Doc 9 on NLP/ML topic,"This is a sample document number 9. It mentions topics like transformers, FAISS, embeddings, semantic search and other NLP concepts. Useful for testing batch processing and indexing."
d10,Doc 10 on NLP/ML topic,"This is a sample document number 10. It mentions topics like transformers, FAISS, embeddings, semantic search and other NLP concepts. Useful for testing batch processing and indexing."
d11,Doc 11 on NLP/ML topic,"This is a sample document number 11. It mentions topics like transformers, FAISS, embeddings, semantic search and other NLP concepts. Useful for testing batch processing and indexing."
d12,Doc 12 on NLP/ML topic,"This is a sample document number 12. It mentions topics like transformers, FAISS, embeddings, semantic search and other NLP concepts. Useful for testing batch processing and indexing."
d13,Doc 13 on NLP/ML topic,"This is a sample document number 13. It mentions topics like transformers, FAISS, embeddings, semantic search and other NLP concepts. Useful for testing batch processing and indexing."
d14,Doc 14 on NLP/ML topic,"This is a sample document number 14. It mentions topics like transformers, FAISS, embeddings, semantic search and other NLP concepts. Useful for testing batch processing and indexing."
d15,Doc 15 on NLP/ML topic,"This is a sample document number 15. It mentions topics like transformers, FAISS, embeddings, semantic search and other NLP concepts. Useful for testing batch processing and indexing."
d16,Doc 16 on NLP/ML topic,"This is a sample document number 16. It mentions topics like transformers, FAISS, embeddings, semantic search and other NLP concepts. Useful for testing batch processing and indexing."
d17,Doc 17 on NLP/ML topic,"This is a sample document number 17. It mentions topics like transformers, FAISS, embeddings, semantic search and other NLP concepts. Useful for testing batch processing and indexing."
d18,Doc 18 on NLP/ML topic,"This is a sample document number 18. It mentions topics like transformers, FAISS, embeddings, semantic search and other NLP concepts. Useful for testing batch processing and indexing."
d19,Doc 19 on NLP/ML topic,"This is a sample document number 19. It mentions topics like transformers, FAISS, embeddings, semantic search and other NLP concepts. Useful for testing batch processing and indexing."
d20,Doc 20 on NLP/ML topic,"This is a sample document number 20. It mentions topics like transformers, FAISS, embeddings, semantic search and other NLP concepts. Useful for testing batch processing and indexing."
d21,Doc 21 on NLP/ML topic,"This is a sample document number 21. It mentions topics like transformers, FAISS, embeddings, semantic search and other NLP concepts. Useful for testing batch processing and indexing."
d22,Doc 22 on NLP/ML topic,"This is a sample document number 22. It mentions topics like transformers, FAISS, embeddings, semantic search and other NLP concepts. Useful for testing batch processing and indexing."
d23,Doc 23 on NLP/ML topic,"This is a sample document number 23. It mentions topics like transformers, FAISS, embeddings, semantic search and other NLP concepts. Useful for testing batch processing and indexing."
d24,Doc 24 on NLP/ML topic,"This is a sample document number 24. It mentions topics like transformers, FAISS, embeddings, semantic search and other NLP concepts. Useful for testing batch processing and indexing."
d25,Doc 25 on NLP/ML topic,"This is a sample document number 25. It mentions topics like transformers, FAISS, embeddings, semantic search and other NLP concepts. Useful for testing batch processing and indexing."
d26,Doc 26 on NLP/ML topic,"This is a sample document number 26. It mentions topics like transformers, FAISS, embeddings, semantic search and other NLP concepts. Useful for testing batch processing and indexing."
d27,Doc 27 on NLP/ML topic,"This is a sample document number 27. It mentions topics like transformers, FAISS, embeddings, semantic search and other NLP concepts. Useful for testing batch processing and indexing."
d28,Doc 28 on NLP/ML topic,"This is a sample document number 28. It mentions topics like transformers, FAISS, embeddings, semantic search and other NLP concepts. Useful for testing batch processing and indexing."
d29,Doc 29 on NLP/ML topic,"This is a sample document number 29. It mentions topics like transformers, FAISS, embeddings, semantic search and other NLP concepts. Useful for testing batch processing and indexing."
d30,Doc 30 on NLP/ML topic,"This is a sample document number 30. It mentions topics like transformers, FAISS, embeddings, semantic search and other NLP concepts. Useful for testing batch processing and indexing."
d31,Doc 31 on NLP/ML topic,"This is a sample document number 31. It mentions topics like transformers, FAISS, embeddings, semantic search and other NLP concepts. Useful for testing batch processing and indexing."
d32,Doc 32 on NLP/ML topic,"This is a sample document number 32. It mentions topics like transformers, FAISS, embeddings, semantic search and other NLP concepts. Useful for testing batch processing and indexing."
d33,Doc 33 on NLP/ML topic,"This is a sample document number 33. It mentions topics like transformers, FAISS, embeddings, semantic search and other NLP concepts. Useful for testing batch processing and indexing."
d34,Doc 34 on NLP/ML topic,"This is a sample document number 34. It mentions topics like transformers, FAISS, embeddings, semantic search and other NLP concepts. Useful for testing batch processing and indexing."
d35,Doc 35 on NLP/ML topic,"This is a sample document number 35. It mentions topics like transformers, FAISS, embeddings, semantic search and other NLP concepts. Useful for testing batch processing and indexing."
d36,Doc 36 on NLP/ML topic,"This is a sample document number 36. It mentions topics like transformers, FAISS, embeddings, semantic search and other NLP concepts. Useful for testing batch processing and indexing."
d37,Doc 37 on NLP/ML topic,"This is a sample document number 37. It mentions topics like transformers, FAISS, embeddings, semantic search and other NLP concepts. Useful for testing batch processing and indexing."
d38,Doc 38 on NLP/ML topic,"This is a sample document number 38. It mentions topics like transformers, FAISS, embeddings, semantic search and other NLP concepts. Useful for testing batch processing and indexing."
d39,Doc 39 on NLP/ML topic,"This is a sample document number 39. It mentions topics like transformers, FAISS, embeddings, semantic search and other NLP concepts. Useful for testing batch processing and indexing."
d40,Doc 40 on NLP/ML topic,"This is a sample document number 40. It mentions topics like transformers, FAISS, embeddings, semantic search and other NLP concepts. Useful for testing batch processing and indexing."
d41,Doc 41 on NLP/ML topic,"This is a sample document number 41. It mentions topics like transformers, FAISS, embeddings, semantic search and other NLP concepts. Useful for testing batch processing and indexing."
d42,Doc 42 on NLP/ML topic,"This is a sample document number 42. It mentions topics like transformers, FAISS, embeddings, semantic search and other NLP concepts. Useful for testing batch processing and indexing."
d43,Doc 43 on NLP/ML topic,"This is a sample document number 43. It mentions topics like transformers, FAISS, embeddings, semantic search and other NLP concepts. Useful for testing batch processing and indexing."
d44,Doc 44 on NLP/ML topic,"This is a sample document number 44. It mentions topics like transformers, FAISS, embeddings, semantic search and other NLP concepts. Useful for testing batch processing and indexing."
d45,Doc 45 on NLP/ML topic,"This is a sample document number 45. It mentions topics like transformers, FAISS, embeddings, semantic search and other NLP concepts. Useful for testing batch processing and indexing."
d46,Doc 46 on NLP/ML topic,"This is a sample document number 46. It mentions topics like transformers, FAISS, embeddings, semantic search and other NLP concepts. Useful for testing batch processing and indexing."
d47,Doc 47 on NLP/ML topic,"This is a sample document number 47. It mentions topics like transformers, FAISS, embeddings, semantic search and other NLP concepts. Useful for testing batch processing and indexing."
d48,Doc 48 on NLP/ML topic,"This is a sample document number 48. It mentions topics like transformers, FAISS, embeddings, semantic search and other NLP concepts. Useful for testing batch processing and indexing."
d49,Doc 49 on NLP/ML topic,"This is a sample document number 49. It mentions topics like transformers, FAISS, embeddings, semantic search and other NLP concepts. Useful for testing batch processing and indexing."
d50,Doc 50 on NLP/ML topic,"This is a sample document number 50. It mentions topics like transformers, FAISS, embeddings, semantic search and other NLP concepts. Useful for testing batch processing and indexing."
